{
  "sam.intro": {
    "sounds": [
      {
        "name": "sam/intro",
        "stream": true
      }
    ]
  },
  "sam.indice1": {
    "sounds": [
      {
        "name": "sam/indice_1",
        "stream": true
      }
    ]
  },
  "sam.indice2": {
    "sounds": [
      {
        "name": "sam/indice_2",
        "stream": true
      }
    ]
  },
  "sam.indice3": {
    "sounds": [
      {
        "name": "sam/indice_3",
        "stream": true
      }
    ]
  },
  "sam.outro": {
    "sounds": [
      {
        "name": "sam/outro",
        "stream": true
      }
    ]
  }
}
